question,short_answer,big_answer
How can I identify Leaf Miner Pest in Pea crop?,"The adult leaf miner is a pale yellowish fly about 1.5 mm long. The female punctures the upper surface of the leaf and lays eggs singly. The larva is an apodous maggot that feeds on chlorophyll between the upper and lower epidermal layers and grows to about 3 mm in length, with a larval period of about 7 days. Pupation occurs inside a thin, loose mesh of silken cocoon and lasts about 7 days.","Leaf miner is an important insect pest of pea, with damage generally more severe during December to March. The larvae make tunnels between the upper and lower epidermis of the leaves, which interferes with photosynthesis and proper plant growth. Effective management includes regular monitoring, removal and destruction of infested leaves, conservation of natural enemies, use of suitable trap crops, and need-based chemical control.
 
 1. Identification of leaf miner
 
 The adult leaf miner is a pale yellowish fly about 1.5 mm long. The female punctures the upper surface of the leaf and lays eggs singly. The eggs are minute and orange-yellow and hatch in about 4 days. The larva is an apodous maggot that feeds on chlorophyll between the upper and lower epidermal layers and grows to about 3 mm in length, with a larval period of about 7 days. Pupation occurs inside a thin, loose mesh of silken cocoon and lasts about 7 days. The complete life cycle takes about 3 weeks.
 
 2. Damage symptoms
 
 The larvae make numerous tunnels or mines between the upper and lower epidermis of the leaves, which interfere with photosynthesis and proper plant growth. The affected leaves develop characteristic serpentine mines and blotches and may become unattractive. In severe infestations, the leaves may dry and drop. The pest also sucks the juice of the stem and leaves, further affecting plant growth.
 
 3. Monitoring and ETL
 
 Regular monitoring is important for detecting leaf miner infestation at an early stage. For monitoring, count and record only the number of live mines on five randomly selected leaves per plant. This observation can help assess the level of infestation and guide the need for management measures.
 
 4. Cultural control
 
 Remove and destroy infested leaves showing leaf miner mines and blotches to reduce the pest population and prevent further spread. Tomato or marigold can also be grown as trap crops for leaf miner management. These practices should be carried out regularly, particularly during the period of higher pest activity from December to March.
 
 5. Biological control
 
 Conserve the natural enemies of leaf miner through ecological engineering and avoid practices that unnecessarily disturb beneficial organisms. Augmentative release of natural enemies can also be followed as a biological management practice. Conservation and augmentation of natural enemies can help suppress the leaf miner population as part of integrated pest management.
 
 6. Chemical control
 
 When leaf miner infestation begins, apply Oxydemeton methyl 25% EC @ 1 litre/ha in 1,000 litres of water/ha. The equivalent dose is approximately 405 ml/acre in 405 litres of water/acre. If required according to the recommendation, repeat the application at 15-day intervals. Use the pesticide only according to the applicable product label and recommended crop-specific instructions.
 
 7. Safety measures
 
 Handle pesticides carefully during preparation and application. Read and follow the product label, use the recommended dose, and wear appropriate protective equipment to avoid direct contact with the pesticide. Keep pesticides away from children, animals, food, and feed, and avoid unnecessary applications that may harm beneficial natural enemies. Follow the recommended waiting period and other safety instructions given on the approved product label.
 
 Conclusion
 
 Effective management of leaf miner in pea should focus on early identification, regular monitoring, removal and destruction of infested leaves, trap cropping, and conservation of natural enemies. The pest is more damaging during December to March, and its larvae cause serpentine mines that interfere with photosynthesis and plant growth. For chemical control, Oxydemeton methyl 25% EC @ 1 litre/ha in 1,000 litres of water/ha, equivalent to approximately 405 ml/acre in 405 litres of water/acre, can be applied when the attack begins and repeated at 15-day intervals as recommended. Combining cultural, biological, monitoring, and need-based chemical measures can help reduce leaf miner damage and protect pea crop growth and productivity.

👤 Answered by: SURAIYA AMIN

📚 Sources:
AESA ipm pea
Field Pea Production Technology_Directorate of Pulses Developement_ Madhya Pradesh.pdf

⚠️ Important Notice (Testing) ⚠️

This AjraSakha application is under development and intended only for testing and validation.
Advisories are experimental and currently cover major crops in selected states.
Weather data is sourced from IMD.
Market data from eNAM, Agmarknet, and State APMCs.
Soil health guidance from https://soilhealth.dac.gov.in/fertilizer-dosage.
Government schemes from https://www.myscheme.gov.in/.
Other agricultural information and advisories are expert-verified by Annam.ai.

Users should independently validate recommendations before acting."
What are the damage symptoms of Leaf Miner infestation in Pea crop?,"The larvae make numerous tunnels or mines between the upper and lower epidermis of the leaves, which interfere with photosynthesis and proper plant growth. The affected leaves develop characteristic serpentine mines and blotches and may become unattractive. In severe infestations, the leaves may dry and drop. The pest also sucks the juice of the stem and leaves, further affecting plant growth.","Leaf miner is an important insect pest of pea, with damage generally more severe during December to March. The larvae make tunnels between the upper and lower epidermis of the leaves, which interferes with photosynthesis and proper plant growth. Effective management includes regular monitoring, removal and destruction of infested leaves, conservation of natural enemies, use of suitable trap crops, and need-based chemical control.
 
 1. Identification of leaf miner
 
 The adult leaf miner is a pale yellowish fly about 1.5 mm long. The female punctures the upper surface of the leaf and lays eggs singly. The eggs are minute and orange-yellow and hatch in about 4 days. The larva is an apodous maggot that feeds on chlorophyll between the upper and lower epidermal layers and grows to about 3 mm in length, with a larval period of about 7 days. Pupation occurs inside a thin, loose mesh of silken cocoon and lasts about 7 days. The complete life cycle takes about 3 weeks.
 
 2. Damage symptoms
 
 The larvae make numerous tunnels or mines between the upper and lower epidermis of the leaves, which interfere with photosynthesis and proper plant growth. The affected leaves develop characteristic serpentine mines and blotches and may become unattractive. In severe infestations, the leaves may dry and drop. The pest also sucks the juice of the stem and leaves, further affecting plant growth.
 
 3. Monitoring and ETL
 
 Regular monitoring is important for detecting leaf miner infestation at an early stage. For monitoring, count and record only the number of live mines on five randomly selected leaves per plant. This observation can help assess the level of infestation and guide the need for management measures.
 
 4. Cultural control
 
 Remove and destroy infested leaves showing leaf miner mines and blotches to reduce the pest population and prevent further spread. Tomato or marigold can also be grown as trap crops for leaf miner management. These practices should be carried out regularly, particularly during the period of higher pest activity from December to March.
 
 5. Biological control
 
 Conserve the natural enemies of leaf miner through ecological engineering and avoid practices that unnecessarily disturb beneficial organisms. Augmentative release of natural enemies can also be followed as a biological management practice. Conservation and augmentation of natural enemies can help suppress the leaf miner population as part of integrated pest management.
 
 6. Chemical control
 
 When leaf miner infestation begins, apply Oxydemeton methyl 25% EC @ 1 litre/ha in 1,000 litres of water/ha. The equivalent dose is approximately 405 ml/acre in 405 litres of water/acre. If required according to the recommendation, repeat the application at 15-day intervals. Use the pesticide only according to the applicable product label and recommended crop-specific instructions.
 
 7. Safety measures
 
 Handle pesticides carefully during preparation and application. Read and follow the product label, use the recommended dose, and wear appropriate protective equipment to avoid direct contact with the pesticide. Keep pesticides away from children, animals, food, and feed, and avoid unnecessary applications that may harm beneficial natural enemies. Follow the recommended waiting period and other safety instructions given on the approved product label.
 
 Conclusion
 
 Effective management of leaf miner in pea should focus on early identification, regular monitoring, removal and destruction of infested leaves, trap cropping, and conservation of natural enemies. The pest is more damaging during December to March, and its larvae cause serpentine mines that interfere with photosynthesis and plant growth. For chemical control, Oxydemeton methyl 25% EC @ 1 litre/ha in 1,000 litres of water/ha, equivalent to approximately 405 ml/acre in 405 litres of water/acre, can be applied when the attack begins and repeated at 15-day intervals as recommended. Combining cultural, biological, monitoring, and need-based chemical measures can help reduce leaf miner damage and protect pea crop growth and productivity.

👤 Answered by: SURAIYA AMIN

📚 Sources:
AESA ipm pea
Field Pea Production Technology_Directorate of Pulses Developement_ Madhya Pradesh.pdf

⚠️ Important Notice (Testing) ⚠️

This AjraSakha application is under development and intended only for testing and validation.
Advisories are experimental and currently cover major crops in selected states.
Weather data is sourced from IMD.
Market data from eNAM, Agmarknet, and State APMCs.
Soil health guidance from https://soilhealth.dac.gov.in/fertilizer-dosage.
Government schemes from https://www.myscheme.gov.in/.
Other agricultural information and advisories are expert-verified by Annam.ai.

Users should independently validate recommendations before acting."
How should a farmer monitor leaf miner infestation in Pea?,"Regular monitoring is important for detecting leaf miner infestation at an early stage. For monitoring, count and record only the number of live mines on five randomly selected leaves per plant. This observation can help assess the level of infestation and guide the need for management measures.","Leaf miner is an important insect pest of pea, with damage generally more severe during December to March. The larvae make tunnels between the upper and lower epidermis of the leaves, which interferes with photosynthesis and proper plant growth. Effective management includes regular monitoring, removal and destruction of infested leaves, conservation of natural enemies, use of suitable trap crops, and need-based chemical control.
 
 1. Identification of leaf miner
 
 The adult leaf miner is a pale yellowish fly about 1.5 mm long. The female punctures the upper surface of the leaf and lays eggs singly. The eggs are minute and orange-yellow and hatch in about 4 days. The larva is an apodous maggot that feeds on chlorophyll between the upper and lower epidermal layers and grows to about 3 mm in length, with a larval period of about 7 days. Pupation occurs inside a thin, loose mesh of silken cocoon and lasts about 7 days. The complete life cycle takes about 3 weeks.
 
 2. Damage symptoms
 
 The larvae make numerous tunnels or mines between the upper and lower epidermis of the leaves, which interfere with photosynthesis and proper plant growth. The affected leaves develop characteristic serpentine mines and blotches and may become unattractive. In severe infestations, the leaves may dry and drop. The pest also sucks the juice of the stem and leaves, further affecting plant growth.
 
 3. Monitoring and ETL
 
 Regular monitoring is important for detecting leaf miner infestation at an early stage. For monitoring, count and record only the number of live mines on five randomly selected leaves per plant. This observation can help assess the level of infestation and guide the need for management measures.
 
 4. Cultural control
 
 Remove and destroy infested leaves showing leaf miner mines and blotches to reduce the pest population and prevent further spread. Tomato or marigold can also be grown as trap crops for leaf miner management. These practices should be carried out regularly, particularly during the period of higher pest activity from December to March.
 
 5. Biological control
 
 Conserve the natural enemies of leaf miner through ecological engineering and avoid practices that unnecessarily disturb beneficial organisms. Augmentative release of natural enemies can also be followed as a biological management practice. Conservation and augmentation of natural enemies can help suppress the leaf miner population as part of integrated pest management.
 
 6. Chemical control
 
 When leaf miner infestation begins, apply Oxydemeton methyl 25% EC @ 1 litre/ha in 1,000 litres of water/ha. The equivalent dose is approximately 405 ml/acre in 405 litres of water/acre. If required according to the recommendation, repeat the application at 15-day intervals. Use the pesticide only according to the applicable product label and recommended crop-specific instructions.
 
 7. Safety measures
 
 Handle pesticides carefully during preparation and application. Read and follow the product label, use the recommended dose, and wear appropriate protective equipment to avoid direct contact with the pesticide. Keep pesticides away from children, animals, food, and feed, and avoid unnecessary applications that may harm beneficial natural enemies. Follow the recommended waiting period and other safety instructions given on the approved product label.
 
 Conclusion
 
 Effective management of leaf miner in pea should focus on early identification, regular monitoring, removal and destruction of infested leaves, trap cropping, and conservation of natural enemies. The pest is more damaging during December to March, and its larvae cause serpentine mines that interfere with photosynthesis and plant growth. For chemical control, Oxydemeton methyl 25% EC @ 1 litre/ha in 1,000 litres of water/ha, equivalent to approximately 405 ml/acre in 405 litres of water/acre, can be applied when the attack begins and repeated at 15-day intervals as recommended. Combining cultural, biological, monitoring, and need-based chemical measures can help reduce leaf miner damage and protect pea crop growth and productivity.

👤 Answered by: SURAIYA AMIN

📚 Sources:
AESA ipm pea
Field Pea Production Technology_Directorate of Pulses Developement_ Madhya Pradesh.pdf

⚠️ Important Notice (Testing) ⚠️

This AjraSakha application is under development and intended only for testing and validation.
Advisories are experimental and currently cover major crops in selected states.
Weather data is sourced from IMD.
Market data from eNAM, Agmarknet, and State APMCs.
Soil health guidance from https://soilhealth.dac.gov.in/fertilizer-dosage.
Government schemes from https://www.myscheme.gov.in/.
Other agricultural information and advisories are expert-verified by Annam.ai.

Users should independently validate recommendations before acting."
What cultural or preventive measures can be used to reduce leaf miner infestation in pea?,"Remove and destroy infested leaves showing leaf miner mines and blotches to reduce the pest population and prevent further spread. Tomato or marigold can also be grown as trap crops for leaf miner management. These practices should be carried out regularly, particularly during the period of higher pest activity from December to March.","Leaf miner is an important insect pest of pea, with damage generally more severe during December to March. The larvae make tunnels between the upper and lower epidermis of the leaves, which interferes with photosynthesis and proper plant growth. Effective management includes regular monitoring, removal and destruction of infested leaves, conservation of natural enemies, use of suitable trap crops, and need-based chemical control.
 
 1. Identification of leaf miner
 
 The adult leaf miner is a pale yellowish fly about 1.5 mm long. The female punctures the upper surface of the leaf and lays eggs singly. The eggs are minute and orange-yellow and hatch in about 4 days. The larva is an apodous maggot that feeds on chlorophyll between the upper and lower epidermal layers and grows to about 3 mm in length, with a larval period of about 7 days. Pupation occurs inside a thin, loose mesh of silken cocoon and lasts about 7 days. The complete life cycle takes about 3 weeks.
 
 2. Damage symptoms
 
 The larvae make numerous tunnels or mines between the upper and lower epidermis of the leaves, which interfere with photosynthesis and proper plant growth. The affected leaves develop characteristic serpentine mines and blotches and may become unattractive. In severe infestations, the leaves may dry and drop. The pest also sucks the juice of the stem and leaves, further affecting plant growth.
 
 3. Monitoring and ETL
 
 Regular monitoring is important for detecting leaf miner infestation at an early stage. For monitoring, count and record only the number of live mines on five randomly selected leaves per plant. This observation can help assess the level of infestation and guide the need for management measures.
 
 4. Cultural control
 
 Remove and destroy infested leaves showing leaf miner mines and blotches to reduce the pest population and prevent further spread. Tomato or marigold can also be grown as trap crops for leaf miner management. These practices should be carried out regularly, particularly during the period of higher pest activity from December to March.
 
 5. Biological control
 
 Conserve the natural enemies of leaf miner through ecological engineering and avoid practices that unnecessarily disturb beneficial organisms. Augmentative release of natural enemies can also be followed as a biological management practice. Conservation and augmentation of natural enemies can help suppress the leaf miner population as part of integrated pest management.
 
 6. Chemical control
 
 When leaf miner infestation begins, apply Oxydemeton methyl 25% EC @ 1 litre/ha in 1,000 litres of water/ha. The equivalent dose is approximately 405 ml/acre in 405 litres of water/acre. If required according to the recommendation, repeat the application at 15-day intervals. Use the pesticide only according to the applicable product label and recommended crop-specific instructions.
 
 7. Safety measures
 
 Handle pesticides carefully during preparation and application. Read and follow the product label, use the recommended dose, and wear appropriate protective equipment to avoid direct contact with the pesticide. Keep pesticides away from children, animals, food, and feed, and avoid unnecessary applications that may harm beneficial natural enemies. Follow the recommended waiting period and other safety instructions given on the approved product label.
 
 Conclusion
 
 Effective management of leaf miner in pea should focus on early identification, regular monitoring, removal and destruction of infested leaves, trap cropping, and conservation of natural enemies. The pest is more damaging during December to March, and its larvae cause serpentine mines that interfere with photosynthesis and plant growth. For chemical control, Oxydemeton methyl 25% EC @ 1 litre/ha in 1,000 litres of water/ha, equivalent to approximately 405 ml/acre in 405 litres of water/acre, can be applied when the attack begins and repeated at 15-day intervals as recommended. Combining cultural, biological, monitoring, and need-based chemical measures can help reduce leaf miner damage and protect pea crop growth and productivity.

👤 Answered by: SURAIYA AMIN

📚 Sources:
AESA ipm pea
Field Pea Production Technology_Directorate of Pulses Developement_ Madhya Pradesh.pdf

⚠️ Important Notice (Testing) ⚠️

This AjraSakha application is under development and intended only for testing and validation.
Advisories are experimental and currently cover major crops in selected states.
Weather data is sourced from IMD.
Market data from eNAM, Agmarknet, and State APMCs.
Soil health guidance from https://soilhealth.dac.gov.in/fertilizer-dosage.
Government schemes from https://www.myscheme.gov.in/.
Other agricultural information and advisories are expert-verified by Annam.ai.

Users should independently validate recommendations before acting."
Why Narural enemies are conserved in pea cultivation and what biological practices are recommended to control leaf miner pest in pea?,Conserve the natural enemies of leaf miner through ecological engineering and avoid practices that unnecessarily disturb beneficial organisms. Augmentative release of natural enemies can also be followed as a biological management practice. Conservation and augmentation of natural enemies can help suppress the leaf miner population as part of integrated pest management.,"Leaf miner is an important insect pest of pea, with damage generally more severe during December to March. The larvae make tunnels between the upper and lower epidermis of the leaves, which interferes with photosynthesis and proper plant growth. Effective management includes regular monitoring, removal and destruction of infested leaves, conservation of natural enemies, use of suitable trap crops, and need-based chemical control.
 
 1. Identification of leaf miner
 
 The adult leaf miner is a pale yellowish fly about 1.5 mm long. The female punctures the upper surface of the leaf and lays eggs singly. The eggs are minute and orange-yellow and hatch in about 4 days. The larva is an apodous maggot that feeds on chlorophyll between the upper and lower epidermal layers and grows to about 3 mm in length, with a larval period of about 7 days. Pupation occurs inside a thin, loose mesh of silken cocoon and lasts about 7 days. The complete life cycle takes about 3 weeks.
 
 2. Damage symptoms
 
 The larvae make numerous tunnels or mines between the upper and lower epidermis of the leaves, which interfere with photosynthesis and proper plant growth. The affected leaves develop characteristic serpentine mines and blotches and may become unattractive. In severe infestations, the leaves may dry and drop. The pest also sucks the juice of the stem and leaves, further affecting plant growth.
 
 3. Monitoring and ETL
 
 Regular monitoring is important for detecting leaf miner infestation at an early stage. For monitoring, count and record only the number of live mines on five randomly selected leaves per plant. This observation can help assess the level of infestation and guide the need for management measures.
 
 4. Cultural control
 
 Remove and destroy infested leaves showing leaf miner mines and blotches to reduce the pest population and prevent further spread. Tomato or marigold can also be grown as trap crops for leaf miner management. These practices should be carried out regularly, particularly during the period of higher pest activity from December to March.
 
 5. Biological control
 
 Conserve the natural enemies of leaf miner through ecological engineering and avoid practices that unnecessarily disturb beneficial organisms. Augmentative release of natural enemies can also be followed as a biological management practice. Conservation and augmentation of natural enemies can help suppress the leaf miner population as part of integrated pest management.
 
 6. Chemical control
 
 When leaf miner infestation begins, apply Oxydemeton methyl 25% EC @ 1 litre/ha in 1,000 litres of water/ha. The equivalent dose is approximately 405 ml/acre in 405 litres of water/acre. If required according to the recommendation, repeat the application at 15-day intervals. Use the pesticide only according to the applicable product label and recommended crop-specific instructions.
 
 7. Safety measures
 
 Handle pesticides carefully during preparation and application. Read and follow the product label, use the recommended dose, and wear appropriate protective equipment to avoid direct contact with the pesticide. Keep pesticides away from children, animals, food, and feed, and avoid unnecessary applications that may harm beneficial natural enemies. Follow the recommended waiting period and other safety instructions given on the approved product label.
 
 Conclusion
 
 Effective management of leaf miner in pea should focus on early identification, regular monitoring, removal and destruction of infested leaves, trap cropping, and conservation of natural enemies. The pest is more damaging during December to March, and its larvae cause serpentine mines that interfere with photosynthesis and plant growth. For chemical control, Oxydemeton methyl 25% EC @ 1 litre/ha in 1,000 litres of water/ha, equivalent to approximately 405 ml/acre in 405 litres of water/acre, can be applied when the attack begins and repeated at 15-day intervals as recommended. Combining cultural, biological, monitoring, and need-based chemical measures can help reduce leaf miner damage and protect pea crop growth and productivity.

👤 Answered by: SURAIYA AMIN

📚 Sources:
AESA ipm pea
Field Pea Production Technology_Directorate of Pulses Developement_ Madhya Pradesh.pdf

⚠️ Important Notice (Testing) ⚠️

This AjraSakha application is under development and intended only for testing and validation.
Advisories are experimental and currently cover major crops in selected states.
Weather data is sourced from IMD.
Market data from eNAM, Agmarknet, and State APMCs.
Soil health guidance from https://soilhealth.dac.gov.in/fertilizer-dosage.
Government schemes from https://www.myscheme.gov.in/.
Other agricultural information and advisories are expert-verified by Annam.ai.

Users should independently validate recommendations before acting."
Whar are the effective chemical management practices recommended for Leaf Miner control in pea?,"When leaf miner infestation begins, apply Oxydemeton methyl 25% EC @ 1 litre/ha in 1,000 litres of water/ha. The equivalent dose is approximately 405 ml/acre in 405 litres of water/acre. If required according to the recommendation, repeat the application at 15-day intervals. Use the pesticide only according to the applicable product label and recommended crop-specific instructions.","Leaf miner is an important insect pest of pea, with damage generally more severe during December to March. The larvae make tunnels between the upper and lower epidermis of the leaves, which interferes with photosynthesis and proper plant growth. Effective management includes regular monitoring, removal and destruction of infested leaves, conservation of natural enemies, use of suitable trap crops, and need-based chemical control.
 
 1. Identification of leaf miner
 
 The adult leaf miner is a pale yellowish fly about 1.5 mm long. The female punctures the upper surface of the leaf and lays eggs singly. The eggs are minute and orange-yellow and hatch in about 4 days. The larva is an apodous maggot that feeds on chlorophyll between the upper and lower epidermal layers and grows to about 3 mm in length, with a larval period of about 7 days. Pupation occurs inside a thin, loose mesh of silken cocoon and lasts about 7 days. The complete life cycle takes about 3 weeks.
 
 2. Damage symptoms
 
 The larvae make numerous tunnels or mines between the upper and lower epidermis of the leaves, which interfere with photosynthesis and proper plant growth. The affected leaves develop characteristic serpentine mines and blotches and may become unattractive. In severe infestations, the leaves may dry and drop. The pest also sucks the juice of the stem and leaves, further affecting plant growth.
 
 3. Monitoring and ETL
 
 Regular monitoring is important for detecting leaf miner infestation at an early stage. For monitoring, count and record only the number of live mines on five randomly selected leaves per plant. This observation can help assess the level of infestation and guide the need for management measures.
 
 4. Cultural control
 
 Remove and destroy infested leaves showing leaf miner mines and blotches to reduce the pest population and prevent further spread. Tomato or marigold can also be grown as trap crops for leaf miner management. These practices should be carried out regularly, particularly during the period of higher pest activity from December to March.
 
 5. Biological control
 
 Conserve the natural enemies of leaf miner through ecological engineering and avoid practices that unnecessarily disturb beneficial organisms. Augmentative release of natural enemies can also be followed as a biological management practice. Conservation and augmentation of natural enemies can help suppress the leaf miner population as part of integrated pest management.
 
 6. Chemical control
 
 When leaf miner infestation begins, apply Oxydemeton methyl 25% EC @ 1 litre/ha in 1,000 litres of water/ha. The equivalent dose is approximately 405 ml/acre in 405 litres of water/acre. If required according to the recommendation, repeat the application at 15-day intervals. Use the pesticide only according to the applicable product label and recommended crop-specific instructions.
 
 7. Safety measures
 
 Handle pesticides carefully during preparation and application. Read and follow the product label, use the recommended dose, and wear appropriate protective equipment to avoid direct contact with the pesticide. Keep pesticides away from children, animals, food, and feed, and avoid unnecessary applications that may harm beneficial natural enemies. Follow the recommended waiting period and other safety instructions given on the approved product label.
 
 Conclusion
 
 Effective management of leaf miner in pea should focus on early identification, regular monitoring, removal and destruction of infested leaves, trap cropping, and conservation of natural enemies. The pest is more damaging during December to March, and its larvae cause serpentine mines that interfere with photosynthesis and plant growth. For chemical control, Oxydemeton methyl 25% EC @ 1 litre/ha in 1,000 litres of water/ha, equivalent to approximately 405 ml/acre in 405 litres of water/acre, can be applied when the attack begins and repeated at 15-day intervals as recommended. Combining cultural, biological, monitoring, and need-based chemical measures can help reduce leaf miner damage and protect pea crop growth and productivity.

👤 Answered by: SURAIYA AMIN

📚 Sources:
AESA ipm pea
Field Pea Production Technology_Directorate of Pulses Developement_ Madhya Pradesh.pdf

⚠️ Important Notice (Testing) ⚠️

This AjraSakha application is under development and intended only for testing and validation.
Advisories are experimental and currently cover major crops in selected states.
Weather data is sourced from IMD.
Market data from eNAM, Agmarknet, and State APMCs.
Soil health guidance from https://soilhealth.dac.gov.in/fertilizer-dosage.
Government schemes from https://www.myscheme.gov.in/.
Other agricultural information and advisories are expert-verified by Annam.ai.

Users should independently validate recommendations before acting."
What are the effective management strategies and chemical controls for managing Leaf Miner infestation in Pea crops in Madhya Pradesh?,"Effective management of leaf miner in pea should focus on early identification, regular monitoring, removal and destruction of infested leaves, trap cropping, and conservation of natural enemies. The pest is more damaging during December to March, and its larvae cause serpentine mines that interfere with photosynthesis and plant growth. For chemical control, Oxydemeton methyl 25% EC @ 1 litre/ha in 1,000 litres of water/ha, equivalent to approximately 405 ml/acre in 405 litres of water/acre, can be applied when the attack begins and repeated at 15-day intervals as recommended. Combining cultural, biological, monitoring, and need-based chemical measures can help reduce leaf miner damage and protect pea crop growth and productivity.","Leaf miner is an important insect pest of pea, with damage generally more severe during December to March. The larvae make tunnels between the upper and lower epidermis of the leaves, which interferes with photosynthesis and proper plant growth. Effective management includes regular monitoring, removal and destruction of infested leaves, conservation of natural enemies, use of suitable trap crops, and need-based chemical control.
 
 1. Identification of leaf miner
 
 The adult leaf miner is a pale yellowish fly about 1.5 mm long. The female punctures the upper surface of the leaf and lays eggs singly. The eggs are minute and orange-yellow and hatch in about 4 days. The larva is an apodous maggot that feeds on chlorophyll between the upper and lower epidermal layers and grows to about 3 mm in length, with a larval period of about 7 days. Pupation occurs inside a thin, loose mesh of silken cocoon and lasts about 7 days. The complete life cycle takes about 3 weeks.
 
 2. Damage symptoms
 
 The larvae make numerous tunnels or mines between the upper and lower epidermis of the leaves, which interfere with photosynthesis and proper plant growth. The affected leaves develop characteristic serpentine mines and blotches and may become unattractive. In severe infestations, the leaves may dry and drop. The pest also sucks the juice of the stem and leaves, further affecting plant growth.
 
 3. Monitoring and ETL
 
 Regular monitoring is important for detecting leaf miner infestation at an early stage. For monitoring, count and record only the number of live mines on five randomly selected leaves per plant. This observation can help assess the level of infestation and guide the need for management measures.
 
 4. Cultural control
 
 Remove and destroy infested leaves showing leaf miner mines and blotches to reduce the pest population and prevent further spread. Tomato or marigold can also be grown as trap crops for leaf miner management. These practices should be carried out regularly, particularly during the period of higher pest activity from December to March.
 
 5. Biological control
 
 Conserve the natural enemies of leaf miner through ecological engineering and avoid practices that unnecessarily disturb beneficial organisms. Augmentative release of natural enemies can also be followed as a biological management practice. Conservation and augmentation of natural enemies can help suppress the leaf miner population as part of integrated pest management.
 
 6. Chemical control
 
 When leaf miner infestation begins, apply Oxydemeton methyl 25% EC @ 1 litre/ha in 1,000 litres of water/ha. The equivalent dose is approximately 405 ml/acre in 405 litres of water/acre. If required according to the recommendation, repeat the application at 15-day intervals. Use the pesticide only according to the applicable product label and recommended crop-specific instructions.
 
 7. Safety measures
 
 Handle pesticides carefully during preparation and application. Read and follow the product label, use the recommended dose, and wear appropriate protective equipment to avoid direct contact with the pesticide. Keep pesticides away from children, animals, food, and feed, and avoid unnecessary applications that may harm beneficial natural enemies. Follow the recommended waiting period and other safety instructions given on the approved product label.
 
 Conclusion
 
 Effective management of leaf miner in pea should focus on early identification, regular monitoring, removal and destruction of infested leaves, trap cropping, and conservation of natural enemies. The pest is more damaging during December to March, and its larvae cause serpentine mines that interfere with photosynthesis and plant growth. For chemical control, Oxydemeton methyl 25% EC @ 1 litre/ha in 1,000 litres of water/ha, equivalent to approximately 405 ml/acre in 405 litres of water/acre, can be applied when the attack begins and repeated at 15-day intervals as recommended. Combining cultural, biological, monitoring, and need-based chemical measures can help reduce leaf miner damage and protect pea crop growth and productivity.

👤 Answered by: SURAIYA AMIN

📚 Sources:
AESA ipm pea
Field Pea Production Technology_Directorate of Pulses Developement_ Madhya Pradesh.pdf

⚠️ Important Notice (Testing) ⚠️

This AjraSakha application is under development and intended only for testing and validation.
Advisories are experimental and currently cover major crops in selected states.
Weather data is sourced from IMD.
Market data from eNAM, Agmarknet, and State APMCs.
Soil health guidance from https://soilhealth.dac.gov.in/fertilizer-dosage.
Government schemes from https://www.myscheme.gov.in/.
Other agricultural information and advisories are expert-verified by Annam.ai.

Users should independently validate recommendations before acting."
What are the safety and precuations should I follow while spraying insecticides against Leaf Miner in Pea?,"Handle pesticides carefully during preparation and application. Read and follow the product label, use the recommended dose, and wear appropriate protective equipment to avoid direct contact with the pesticide. Keep pesticides away from children, animals, food, and feed, and avoid unnecessary applications that may harm beneficial natural enemies. Follow the recommended waiting period and other safety instructions given on the approved product label.","Leaf miner is an important insect pest of pea, with damage generally more severe during December to March. The larvae make tunnels between the upper and lower epidermis of the leaves, which interferes with photosynthesis and proper plant growth. Effective management includes regular monitoring, removal and destruction of infested leaves, conservation of natural enemies, use of suitable trap crops, and need-based chemical control.
 
 1. Identification of leaf miner
 
 The adult leaf miner is a pale yellowish fly about 1.5 mm long. The female punctures the upper surface of the leaf and lays eggs singly. The eggs are minute and orange-yellow and hatch in about 4 days. The larva is an apodous maggot that feeds on chlorophyll between the upper and lower epidermal layers and grows to about 3 mm in length, with a larval period of about 7 days. Pupation occurs inside a thin, loose mesh of silken cocoon and lasts about 7 days. The complete life cycle takes about 3 weeks.
 
 2. Damage symptoms
 
 The larvae make numerous tunnels or mines between the upper and lower epidermis of the leaves, which interfere with photosynthesis and proper plant growth. The affected leaves develop characteristic serpentine mines and blotches and may become unattractive. In severe infestations, the leaves may dry and drop. The pest also sucks the juice of the stem and leaves, further affecting plant growth.
 
 3. Monitoring and ETL
 
 Regular monitoring is important for detecting leaf miner infestation at an early stage. For monitoring, count and record only the number of live mines on five randomly selected leaves per plant. This observation can help assess the level of infestation and guide the need for management measures.
 
 4. Cultural control
 
 Remove and destroy infested leaves showing leaf miner mines and blotches to reduce the pest population and prevent further spread. Tomato or marigold can also be grown as trap crops for leaf miner management. These practices should be carried out regularly, particularly during the period of higher pest activity from December to March.
 
 5. Biological control
 
 Conserve the natural enemies of leaf miner through ecological engineering and avoid practices that unnecessarily disturb beneficial organisms. Augmentative release of natural enemies can also be followed as a biological management practice. Conservation and augmentation of natural enemies can help suppress the leaf miner population as part of integrated pest management.
 
 6. Chemical control
 
 When leaf miner infestation begins, apply Oxydemeton methyl 25% EC @ 1 litre/ha in 1,000 litres of water/ha. The equivalent dose is approximately 405 ml/acre in 405 litres of water/acre. If required according to the recommendation, repeat the application at 15-day intervals. Use the pesticide only according to the applicable product label and recommended crop-specific instructions.
 
 7. Safety measures
 
 Handle pesticides carefully during preparation and application. Read and follow the product label, use the recommended dose, and wear appropriate protective equipment to avoid direct contact with the pesticide. Keep pesticides away from children, animals, food, and feed, and avoid unnecessary applications that may harm beneficial natural enemies. Follow the recommended waiting period and other safety instructions given on the approved product label.
 
 Conclusion
 
 Effective management of leaf miner in pea should focus on early identification, regular monitoring, removal and destruction of infested leaves, trap cropping, and conservation of natural enemies. The pest is more damaging during December to March, and its larvae cause serpentine mines that interfere with photosynthesis and plant growth. For chemical control, Oxydemeton methyl 25% EC @ 1 litre/ha in 1,000 litres of water/ha, equivalent to approximately 405 ml/acre in 405 litres of water/acre, can be applied when the attack begins and repeated at 15-day intervals as recommended. Combining cultural, biological, monitoring, and need-based chemical measures can help reduce leaf miner damage and protect pea crop growth and productivity.

👤 Answered by: SURAIYA AMIN

📚 Sources:
AESA ipm pea
Field Pea Production Technology_Directorate of Pulses Developement_ Madhya Pradesh.pdf

⚠️ Important Notice (Testing) ⚠️

This AjraSakha application is under development and intended only for testing and validation.
Advisories are experimental and currently cover major crops in selected states.
Weather data is sourced from IMD.
Market data from eNAM, Agmarknet, and State APMCs.
Soil health guidance from https://soilhealth.dac.gov.in/fertilizer-dosage.
Government schemes from https://www.myscheme.gov.in/.
Other agricultural information and advisories are expert-verified by Annam.ai.

Users should independently validate recommendations before acting."
How can I prevent poplar trees from drying due to waterlogging in Rupnagar?,"To prevent poplar trees from drying, weakening or suffering growth reduction due to waterlogging in Rupnagar, farmers should select well-drained soils, avoid waterlogged sites, maintain independent channels along each tree row, provide adequate but not excessive irrigation, and ensure rapid drainage of excess water. Properly designed and maintained channels are particularly important in poplar-based agroforestry systems because they help maintain a favourable soil-water balance while protecting trees from both water stress and prolonged waterlogging.","Poplar is a fast-growing tree that requires adequate water for optimum growth, particularly during the growing season. However, it is sensitive to prolonged waterlogging and does not perform well in waterlogged (Sem), saline, alkaline or heavy clay soils. Therefore, in Rupnagar, proper site selection, drainage and regulated irrigation are essential to prevent root-zone water accumulation and drying or weakening of poplar trees.

Water and drainage management
-Select a suitable site: Establish poplar plantations on deep, fertile, well-drained loam to sandy loam soils with neutral pH. Avoid waterlogged, saline, alkaline and heavy clay soils because poor drainage can restrict root activity and adversely affect tree growth.

-Provide independent channels: For proper water management, maintain an independent channel along each row of poplar trees throughout the rotation period. These channels facilitate controlled irrigation and help remove excess water from the tree root zone. Intercrops should be grown in the space between adjacent rows.

-Construct channels during wheat sowing: In poplar–wheat agroforestry systems, make the required channels at the time of wheat sowing. These channels allow poplar trees to receive irrigation when necessary and facilitate the movement of excess water during periods of heavy irrigation or rainfall, particularly around wheat maturity and harvesting in April.

-Avoid over-irrigation: Irrigate according to the actual requirement of the trees and intercrops rather than following a fixed excessive irrigation schedule. During the first year after transplanting, irrigation may be required approximately once a week for establishment. Subsequently, irrigation may be provided at about 15-day intervals during October–February and at 7–10-day intervals during March–June, adjusting the frequency according to soil moisture, rainfall and crop requirement.

-Maintain drainage channels: Regularly inspect and clean the irrigation-cum-drainage channels so that they remain unobstructed. Excess rainfall or irrigation water should be removed promptly to prevent prolonged saturation around the poplar root zone.

Conclusion
To prevent poplar trees from drying, weakening or suffering growth reduction due to waterlogging in Rupnagar, farmers should select well-drained soils, avoid waterlogged sites, maintain independent channels along each tree row, provide adequate but not excessive irrigation, and ensure rapid drainage of excess water. Properly designed and maintained channels are particularly important in poplar-based agroforestry systems because they help maintain a favourable soil-water balance while protecting trees from both water stress and prolonged waterlogging.

For specific recommendations, and field level diagnosis please do contact the nearby KVK (Krishi Vigyan Kendra)for more details

👤 Answered by: Sowmya R

📚 Sources:
Agroforestry POP-Punjab Agricultural University, Ludhiana, Punjab.pdf
Poplar clones_Punjab Agricultural University_ Ludhiana_Punjab.pdf

⚠️ Important Notice (Testing) ⚠️

This AjraSakha application is under development and intended only for testing and validation.
Advisories are experimental and currently cover major crops in selected states.

Weather data is sourced from IMD.
Market data from eNAM, Agmarknet, and State APMCs.
Soil health guidance from https://soilhealth.dac.gov.in/fertilizer-dosage.
Government schemes from https://www.myscheme.gov.in/.
Other agricultural information and advisories are expert-verified by Annam.ai.

Users should independently validate recommendations before acting."
"What type of Soil is suitable for Poplar Cultivation in Rupnagar, Punajb?","Deep, fertile, well-drained loam to sandy loam soils with neutral pH is best. Avoid waterlogged, saline, alkaline and heavy clay soils because poor drainage can restrict root activity and adversely affect tree growth.","Poplar is a fast-growing tree that requires adequate water for optimum growth, particularly during the growing season. However, it is sensitive to prolonged waterlogging and does not perform well in waterlogged (Sem), saline, alkaline or heavy clay soils. Therefore, in Rupnagar, proper site selection, drainage and regulated irrigation are essential to prevent root-zone water accumulation and drying or weakening of poplar trees.

Water and drainage management
-Select a suitable site: Establish poplar plantations on deep, fertile, well-drained loam to sandy loam soils with neutral pH. Avoid waterlogged, saline, alkaline and heavy clay soils because poor drainage can restrict root activity and adversely affect tree growth.

-Provide independent channels: For proper water management, maintain an independent channel along each row of poplar trees throughout the rotation period. These channels facilitate controlled irrigation and help remove excess water from the tree root zone. Intercrops should be grown in the space between adjacent rows.

-Construct channels during wheat sowing: In poplar–wheat agroforestry systems, make the required channels at the time of wheat sowing. These channels allow poplar trees to receive irrigation when necessary and facilitate the movement of excess water during periods of heavy irrigation or rainfall, particularly around wheat maturity and harvesting in April.

-Avoid over-irrigation: Irrigate according to the actual requirement of the trees and intercrops rather than following a fixed excessive irrigation schedule. During the first year after transplanting, irrigation may be required approximately once a week for establishment. Subsequently, irrigation may be provided at about 15-day intervals during October–February and at 7–10-day intervals during March–June, adjusting the frequency according to soil moisture, rainfall and crop requirement.

-Maintain drainage channels: Regularly inspect and clean the irrigation-cum-drainage channels so that they remain unobstructed. Excess rainfall or irrigation water should be removed promptly to prevent prolonged saturation around the poplar root zone.

Conclusion
To prevent poplar trees from drying, weakening or suffering growth reduction due to waterlogging in Rupnagar, farmers should select well-drained soils, avoid waterlogged sites, maintain independent channels along each tree row, provide adequate but not excessive irrigation, and ensure rapid drainage of excess water. Properly designed and maintained channels are particularly important in poplar-based agroforestry systems because they help maintain a favourable soil-water balance while protecting trees from both water stress and prolonged waterlogging.

For specific recommendations, and field level diagnosis please do contact the nearby KVK (Krishi Vigyan Kendra)for more details

👤 Answered by: Sowmya R

📚 Sources:
Agroforestry POP-Punjab Agricultural University, Ludhiana, Punjab.pdf
Poplar clones_Punjab Agricultural University_ Ludhiana_Punjab.pdf

⚠️ Important Notice (Testing) ⚠️

This AjraSakha application is under development and intended only for testing and validation.
Advisories are experimental and currently cover major crops in selected states.

Weather data is sourced from IMD.
Market data from eNAM, Agmarknet, and State APMCs.
Soil health guidance from https://soilhealth.dac.gov.in/fertilizer-dosage.
Government schemes from https://www.myscheme.gov.in/.
Other agricultural information and advisories are expert-verified by Annam.ai.

Users should independently validate recommendations before acting."
How often should I irrigate poplar trees in different seasons?,"Irrigate according to the actual requirement of the trees and intercrops rather than following a fixed excessive irrigation schedule. During the first year after transplanting, irrigation may be required approximately once a week for establishment. Subsequently, irrigation may be provided at about 15-day intervals during October–February and at 7–10-day intervals during March–June, adjusting the frequency according to soil moisture, rainfall and crop requirement.","Poplar is a fast-growing tree that requires adequate water for optimum growth, particularly during the growing season. However, it is sensitive to prolonged waterlogging and does not perform well in waterlogged (Sem), saline, alkaline or heavy clay soils. Therefore, in Rupnagar, proper site selection, drainage and regulated irrigation are essential to prevent root-zone water accumulation and drying or weakening of poplar trees.

Water and drainage management
-Select a suitable site: Establish poplar plantations on deep, fertile, well-drained loam to sandy loam soils with neutral pH. Avoid waterlogged, saline, alkaline and heavy clay soils because poor drainage can restrict root activity and adversely affect tree growth.

-Provide independent channels: For proper water management, maintain an independent channel along each row of poplar trees throughout the rotation period. These channels facilitate controlled irrigation and help remove excess water from the tree root zone. Intercrops should be grown in the space between adjacent rows.

-Construct channels during wheat sowing: In poplar–wheat agroforestry systems, make the required channels at the time of wheat sowing. These channels allow poplar trees to receive irrigation when necessary and facilitate the movement of excess water during periods of heavy irrigation or rainfall, particularly around wheat maturity and harvesting in April.

-Avoid over-irrigation: Irrigate according to the actual requirement of the trees and intercrops rather than following a fixed excessive irrigation schedule. During the first year after transplanting, irrigation may be required approximately once a week for establishment. Subsequently, irrigation may be provided at about 15-day intervals during October–February and at 7–10-day intervals during March–June, adjusting the frequency according to soil moisture, rainfall and crop requirement.

-Maintain drainage channels: Regularly inspect and clean the irrigation-cum-drainage channels so that they remain unobstructed. Excess rainfall or irrigation water should be removed promptly to prevent prolonged saturation around the poplar root zone.

Conclusion
To prevent poplar trees from drying, weakening or suffering growth reduction due to waterlogging in Rupnagar, farmers should select well-drained soils, avoid waterlogged sites, maintain independent channels along each tree row, provide adequate but not excessive irrigation, and ensure rapid drainage of excess water. Properly designed and maintained channels are particularly important in poplar-based agroforestry systems because they help maintain a favourable soil-water balance while protecting trees from both water stress and prolonged waterlogging.

For specific recommendations, and field level diagnosis please do contact the nearby KVK (Krishi Vigyan Kendra)for more details

👤 Answered by: Sowmya R

📚 Sources:
Agroforestry POP-Punjab Agricultural University, Ludhiana, Punjab.pdf
Poplar clones_Punjab Agricultural University_ Ludhiana_Punjab.pdf

⚠️ Important Notice (Testing) ⚠️

This AjraSakha application is under development and intended only for testing and validation.
Advisories are experimental and currently cover major crops in selected states.

Weather data is sourced from IMD.
Market data from eNAM, Agmarknet, and State APMCs.
Soil health guidance from https://soilhealth.dac.gov.in/fertilizer-dosage.
Government schemes from https://www.myscheme.gov.in/.
Other agricultural information and advisories are expert-verified by Annam.ai.

Users should independently validate recommendations before acting."
How should I make and maintain drainage channels around poplar trees?,"For proper water management, maintain an independent channel along each row of poplar trees throughout the rotation period. These channels facilitate controlled irrigation and help remove excess water from the tree root zone. Intercrops should be grown in the space between adjacent rows.","Poplar is a fast-growing tree that requires adequate water for optimum growth, particularly during the growing season. However, it is sensitive to prolonged waterlogging and does not perform well in waterlogged (Sem), saline, alkaline or heavy clay soils. Therefore, in Rupnagar, proper site selection, drainage and regulated irrigation are essential to prevent root-zone water accumulation and drying or weakening of poplar trees.

Water and drainage management
-Select a suitable site: Establish poplar plantations on deep, fertile, well-drained loam to sandy loam soils with neutral pH. Avoid waterlogged, saline, alkaline and heavy clay soils because poor drainage can restrict root activity and adversely affect tree growth.

-Provide independent channels: For proper water management, maintain an independent channel along each row of poplar trees throughout the rotation period. These channels facilitate controlled irrigation and help remove excess water from the tree root zone. Intercrops should be grown in the space between adjacent rows.

-Construct channels during wheat sowing: In poplar–wheat agroforestry systems, make the required channels at the time of wheat sowing. These channels allow poplar trees to receive irrigation when necessary and facilitate the movement of excess water during periods of heavy irrigation or rainfall, particularly around wheat maturity and harvesting in April.

-Avoid over-irrigation: Irrigate according to the actual requirement of the trees and intercrops rather than following a fixed excessive irrigation schedule. During the first year after transplanting, irrigation may be required approximately once a week for establishment. Subsequently, irrigation may be provided at about 15-day intervals during October–February and at 7–10-day intervals during March–June, adjusting the frequency according to soil moisture, rainfall and crop requirement.

-Maintain drainage channels: Regularly inspect and clean the irrigation-cum-drainage channels so that they remain unobstructed. Excess rainfall or irrigation water should be removed promptly to prevent prolonged saturation around the poplar root zone.

Conclusion
To prevent poplar trees from drying, weakening or suffering growth reduction due to waterlogging in Rupnagar, farmers should select well-drained soils, avoid waterlogged sites, maintain independent channels along each tree row, provide adequate but not excessive irrigation, and ensure rapid drainage of excess water. Properly designed and maintained channels are particularly important in poplar-based agroforestry systems because they help maintain a favourable soil-water balance while protecting trees from both water stress and prolonged waterlogging.

For specific recommendations, and field level diagnosis please do contact the nearby KVK (Krishi Vigyan Kendra)for more details

👤 Answered by: Sowmya R

📚 Sources:
Agroforestry POP-Punjab Agricultural University, Ludhiana, Punjab.pdf
Poplar clones_Punjab Agricultural University_ Ludhiana_Punjab.pdf

⚠️ Important Notice (Testing) ⚠️

This AjraSakha application is under development and intended only for testing and validation.
Advisories are experimental and currently cover major crops in selected states.

Weather data is sourced from IMD.
Market data from eNAM, Agmarknet, and State APMCs.
Soil health guidance from https://soilhealth.dac.gov.in/fertilizer-dosage.
Government schemes from https://www.myscheme.gov.in/.
Other agricultural information and advisories are expert-verified by Annam.ai.

Users should independently validate recommendations before acting."
How can I control Peeli Kungi (Yellow Rust) in wheat?,"Yellow rust can cause serious yield losses in wheat if left unmanaged, especially during cool and humid weather. Effective management relies on an integrated approach that includes growing resistant varieties, avoiding susceptible cultivars and early sowing in disease-prone areas, maintaining balanced nutrient management, regular field surveillance, and timely fungicide application at the first appearance of symptoms. Early detection and prompt action are the most effective strategies to minimize disease spread and protect wheat productivity.","Peeli Kungi or Yellow rust (Stripe rust), caused by the fungus Puccinia striiformis f. sp. tritici, is one of the most destructive diseases of wheat in Rupnagar, Punjab, particularly under cool and humid weather conditions. Controlling yellow rust (Peeli Kungi) in wheat requires early field monitoring and immediate application of recommended systemic fungicides like Propiconazole 25% EC or other recommended fungicides upon seeing the first yellow powdery stripes. Spot-spraying infected patches early prevents the wind-borne fungal disease from turning into a major crop-damaging epidemic.

A. Disease symptoms:
• Mainly occurs on leaves rather than the leaf sheaths and stem. Bright yellow pustules (Uredia) appear on leaves at early stage of the crop, and pustules are arranged in linear rows as stripes.
• The stripes are yellow to orange-yellow. The teliospores are also arranged in long stripes and are dull black in colour.
• The pustules of stripe rust, which contain yellow to orange-yellow urediospores, usually form narrow stripes on the leaves. Pustules can also be found on leaf sheaths, necks, and glumes.

B. Survival and spread:
• The inoculum survives in the form of uredospores /teliospores in the northern hills during off season on self sown crop or volunteer hosts, which provide an excellent source of inoculums and primary spread occur through uredospores from hills.
• Favourable conditions: Disease is prominent when the temperature is 10-20 degree celsius and high humidity.

C. Integrated Disease Management Strategies:

Cultural control:
• Cultivate rust-resistant varieties, including PBW Biscuit 1, PBW Zinc 2, PBW RS1, PBW 725, Unnat PBW 550, PBW 752, WHD 943, PDW 291, PBW 660.
• Avoid planting unrecommended varieties.
• Refrain from sowing in October, especially in disease-prone sub-mountainous areas.
• Regularly monitor fields starting the second week of December:
• Focus on areas after irrigation or rainfall to detect early signs of infection.
• Implement mixed cropping and crop rotation for better disease management.
• Minimize excessive nitrogen to help reduce disease infestation.

Chemical control:
• As soon as disease symptoms appear, apply one of the following fungicides mixed with approximately 500 liters of water per hectare (or 200 liters per acre):
• Propiconazole 25% EC at 500 ml/ha (200 ml/acre)
• Captan 70% + Hexaconazole 5% WP at a rate of 750 g/ha (300 g/acre)
• Trifloxystrobin 25% + Tebuconazole 50% WG at 300 g/ha (120 g/acre)
• Azoxystrobin 18.2% + Cyproconazole 7.3% SC at 500 ml/ha (200 ml/acre)
• Pyraclostrobin 13.3% + Epoxiconazole 5% SE at 500 ml/ha (200 ml/acre)
• Azoxystrobin 11% + Tebuconazole 18.3% SC at 500 ml/ha (200 ml/acre. Start with spot application around the infected areas and continue to monitor the situation. Repeat applications may be necessary if needed.

Safety and Precautions:
• Personal Protective Equipment (PPE): Always wear gloves, masks, goggles, and protective clothing while handling and spraying chemicals.
• Pre-Harvest Interval (PHI): Observe the PHI strictly. This is the minimum number of days required between the last spray and the harvest to ensure chemical residues are safe for consumption.

Conclusion: Yellow rust can cause serious yield losses in wheat if left unmanaged, especially during cool and humid weather. Effective management relies on an integrated approach that includes growing resistant varieties, avoiding susceptible cultivars and early sowing in disease-prone areas, maintaining balanced nutrient management, regular field surveillance, and timely fungicide application at the first appearance of symptoms. Early detection and prompt action are the most effective strategies to minimize disease spread and protect wheat productivity.

Farmers should continue monitoring the crop after spraying and seek guidance from the nearest Krishi Vigyan Kendra (KVK) or the Department of Agriculture for location-specific recommendations.

👤 Answered by: Shivendra Pratap Singh

📚 Sources:
PACKAGE OF PRACTICES FOR CROPS OF PUNJAB RABI- Punjab Agriculture University, Ludhiana
AESA Based IPM on Wheat_NIPHM, Rajendranagar, Hyderabad

⚠️ Important Notice (Testing) ⚠️

This AjraSakha application is under development and intended only for testing and validation.
Advisories are experimental and currently cover major crops in selected states.

Weather data is sourced from IMD.
Market data from eNAM, Agmarknet, and State APMCs.
Soil health guidance from https://soilhealth.dac.gov.in/fertilizer-dosage.
Government schemes from https://www.myscheme.gov.in/.
Other agricultural information and advisories are expert-verified by Annam.ai.

Users should independently validate recommendations before acting."
How can a farmer identify Peeli Kungi (Yellow Rust) in Wheat?,"Mainly occurs on leaves rather than the leaf sheaths and stem. Bright yellow pustules (Uredia) appear on leaves at early stage of the crop, and pustules are arranged in linear rows as stripes.
 • The stripes are yellow to orange-yellow. The teliospores are also arranged in long stripes and are dull black in colour.
 • The pustules of stripe rust, which contain yellow to orange-yellow urediospores, usually form narrow stripes on the leaves. Pustules can also be found on leaf sheaths, necks, and glumes.","Peeli Kungi or Yellow rust (Stripe rust), caused by the fungus Puccinia striiformis f. sp. tritici, is one of the most destructive diseases of wheat in Rupnagar, Punjab, particularly under cool and humid weather conditions. Controlling yellow rust (Peeli Kungi) in wheat requires early field monitoring and immediate application of recommended systemic fungicides like Propiconazole 25% EC or other recommended fungicides upon seeing the first yellow powdery stripes. Spot-spraying infected patches early prevents the wind-borne fungal disease from turning into a major crop-damaging epidemic.

A. Disease symptoms:
• Mainly occurs on leaves rather than the leaf sheaths and stem. Bright yellow pustules (Uredia) appear on leaves at early stage of the crop, and pustules are arranged in linear rows as stripes.
• The stripes are yellow to orange-yellow. The teliospores are also arranged in long stripes and are dull black in colour.
• The pustules of stripe rust, which contain yellow to orange-yellow urediospores, usually form narrow stripes on the leaves. Pustules can also be found on leaf sheaths, necks, and glumes.

B. Survival and spread:
• The inoculum survives in the form of uredospores /teliospores in the northern hills during off season on self sown crop or volunteer hosts, which provide an excellent source of inoculums and primary spread occur through uredospores from hills.
• Favourable conditions: Disease is prominent when the temperature is 10-20 degree celsius and high humidity.

C. Integrated Disease Management Strategies:

Cultural control:
• Cultivate rust-resistant varieties, including PBW Biscuit 1, PBW Zinc 2, PBW RS1, PBW 725, Unnat PBW 550, PBW 752, WHD 943, PDW 291, PBW 660.
• Avoid planting unrecommended varieties.
• Refrain from sowing in October, especially in disease-prone sub-mountainous areas.
• Regularly monitor fields starting the second week of December:
• Focus on areas after irrigation or rainfall to detect early signs of infection.
• Implement mixed cropping and crop rotation for better disease management.
• Minimize excessive nitrogen to help reduce disease infestation.

Chemical control:
• As soon as disease symptoms appear, apply one of the following fungicides mixed with approximately 500 liters of water per hectare (or 200 liters per acre):
• Propiconazole 25% EC at 500 ml/ha (200 ml/acre)
• Captan 70% + Hexaconazole 5% WP at a rate of 750 g/ha (300 g/acre)
• Trifloxystrobin 25% + Tebuconazole 50% WG at 300 g/ha (120 g/acre)
• Azoxystrobin 18.2% + Cyproconazole 7.3% SC at 500 ml/ha (200 ml/acre)
• Pyraclostrobin 13.3% + Epoxiconazole 5% SE at 500 ml/ha (200 ml/acre)
• Azoxystrobin 11% + Tebuconazole 18.3% SC at 500 ml/ha (200 ml/acre. Start with spot application around the infected areas and continue to monitor the situation. Repeat applications may be necessary if needed.

Safety and Precautions:
• Personal Protective Equipment (PPE): Always wear gloves, masks, goggles, and protective clothing while handling and spraying chemicals.
• Pre-Harvest Interval (PHI): Observe the PHI strictly. This is the minimum number of days required between the last spray and the harvest to ensure chemical residues are safe for consumption.

Conclusion: Yellow rust can cause serious yield losses in wheat if left unmanaged, especially during cool and humid weather. Effective management relies on an integrated approach that includes growing resistant varieties, avoiding susceptible cultivars and early sowing in disease-prone areas, maintaining balanced nutrient management, regular field surveillance, and timely fungicide application at the first appearance of symptoms. Early detection and prompt action are the most effective strategies to minimize disease spread and protect wheat productivity.

Farmers should continue monitoring the crop after spraying and seek guidance from the nearest Krishi Vigyan Kendra (KVK) or the Department of Agriculture for location-specific recommendations.

👤 Answered by: Shivendra Pratap Singh

📚 Sources:
PACKAGE OF PRACTICES FOR CROPS OF PUNJAB RABI- Punjab Agriculture University, Ludhiana
AESA Based IPM on Wheat_NIPHM, Rajendranagar, Hyderabad

⚠️ Important Notice (Testing) ⚠️

This AjraSakha application is under development and intended only for testing and validation.
Advisories are experimental and currently cover major crops in selected states.

Weather data is sourced from IMD.
Market data from eNAM, Agmarknet, and State APMCs.
Soil health guidance from https://soilhealth.dac.gov.in/fertilizer-dosage.
Government schemes from https://www.myscheme.gov.in/.
Other agricultural information and advisories are expert-verified by Annam.ai.

Users should independently validate recommendations before acting."
Which varieties shows resistance against Peeli Kungi(Yellow Rust) in Wheat?,"Cultivate rust-resistant varieties, including PBW Biscuit 1, PBW Zinc 2, PBW RS1, PBW 725, Unnat PBW 550, PBW 752, WHD 943, PDW 291, PBW 660. Avoid planting unrecommended varieties.","Peeli Kungi or Yellow rust (Stripe rust), caused by the fungus Puccinia striiformis f. sp. tritici, is one of the most destructive diseases of wheat in Rupnagar, Punjab, particularly under cool and humid weather conditions. Controlling yellow rust (Peeli Kungi) in wheat requires early field monitoring and immediate application of recommended systemic fungicides like Propiconazole 25% EC or other recommended fungicides upon seeing the first yellow powdery stripes. Spot-spraying infected patches early prevents the wind-borne fungal disease from turning into a major crop-damaging epidemic.

A. Disease symptoms:
• Mainly occurs on leaves rather than the leaf sheaths and stem. Bright yellow pustules (Uredia) appear on leaves at early stage of the crop, and pustules are arranged in linear rows as stripes.
• The stripes are yellow to orange-yellow. The teliospores are also arranged in long stripes and are dull black in colour.
• The pustules of stripe rust, which contain yellow to orange-yellow urediospores, usually form narrow stripes on the leaves. Pustules can also be found on leaf sheaths, necks, and glumes.

B. Survival and spread:
• The inoculum survives in the form of uredospores /teliospores in the northern hills during off season on self sown crop or volunteer hosts, which provide an excellent source of inoculums and primary spread occur through uredospores from hills.
• Favourable conditions: Disease is prominent when the temperature is 10-20 degree celsius and high humidity.

C. Integrated Disease Management Strategies:

Cultural control:
• Cultivate rust-resistant varieties, including PBW Biscuit 1, PBW Zinc 2, PBW RS1, PBW 725, Unnat PBW 550, PBW 752, WHD 943, PDW 291, PBW 660.
• Avoid planting unrecommended varieties.
• Refrain from sowing in October, especially in disease-prone sub-mountainous areas.
• Regularly monitor fields starting the second week of December:
• Focus on areas after irrigation or rainfall to detect early signs of infection.
• Implement mixed cropping and crop rotation for better disease management.
• Minimize excessive nitrogen to help reduce disease infestation.

Chemical control:
• As soon as disease symptoms appear, apply one of the following fungicides mixed with approximately 500 liters of water per hectare (or 200 liters per acre):
• Propiconazole 25% EC at 500 ml/ha (200 ml/acre)
• Captan 70% + Hexaconazole 5% WP at a rate of 750 g/ha (300 g/acre)
• Trifloxystrobin 25% + Tebuconazole 50% WG at 300 g/ha (120 g/acre)
• Azoxystrobin 18.2% + Cyproconazole 7.3% SC at 500 ml/ha (200 ml/acre)
• Pyraclostrobin 13.3% + Epoxiconazole 5% SE at 500 ml/ha (200 ml/acre)
• Azoxystrobin 11% + Tebuconazole 18.3% SC at 500 ml/ha (200 ml/acre. Start with spot application around the infected areas and continue to monitor the situation. Repeat applications may be necessary if needed.

Safety and Precautions:
• Personal Protective Equipment (PPE): Always wear gloves, masks, goggles, and protective clothing while handling and spraying chemicals.
• Pre-Harvest Interval (PHI): Observe the PHI strictly. This is the minimum number of days required between the last spray and the harvest to ensure chemical residues are safe for consumption.

Conclusion: Yellow rust can cause serious yield losses in wheat if left unmanaged, especially during cool and humid weather. Effective management relies on an integrated approach that includes growing resistant varieties, avoiding susceptible cultivars and early sowing in disease-prone areas, maintaining balanced nutrient management, regular field surveillance, and timely fungicide application at the first appearance of symptoms. Early detection and prompt action are the most effective strategies to minimize disease spread and protect wheat productivity.

Farmers should continue monitoring the crop after spraying and seek guidance from the nearest Krishi Vigyan Kendra (KVK) or the Department of Agriculture for location-specific recommendations.

👤 Answered by: Shivendra Pratap Singh

📚 Sources:
PACKAGE OF PRACTICES FOR CROPS OF PUNJAB RABI- Punjab Agriculture University, Ludhiana
AESA Based IPM on Wheat_NIPHM, Rajendranagar, Hyderabad

⚠️ Important Notice (Testing) ⚠️

This AjraSakha application is under development and intended only for testing and validation.
Advisories are experimental and currently cover major crops in selected states.

Weather data is sourced from IMD.
Market data from eNAM, Agmarknet, and State APMCs.
Soil health guidance from https://soilhealth.dac.gov.in/fertilizer-dosage.
Government schemes from https://www.myscheme.gov.in/.
Other agricultural information and advisories are expert-verified by Annam.ai.

Users should independently validate recommendations before acting."
What are the preventive or cultural approach should I take to prevent Pelli Kungi (Yellow Rust)  in Wheat?,"Cultivate rust-resistant varieties, including PBW Biscuit 1, PBW Zinc 2, PBW RS1, PBW 725, Unnat PBW 550, PBW 752, WHD 943, PDW 291, PBW 660.
 • Avoid planting unrecommended varieties.
 • Refrain from sowing in October, especially in disease-prone sub-mountainous areas.
 • Regularly monitor fields starting the second week of December:
 • Focus on areas after irrigation or rainfall to detect early signs of infection.
 • Implement mixed cropping and crop rotation for better disease management.
 • Minimize excessive nitrogen to help reduce disease infestation.","Peeli Kungi or Yellow rust (Stripe rust), caused by the fungus Puccinia striiformis f. sp. tritici, is one of the most destructive diseases of wheat in Rupnagar, Punjab, particularly under cool and humid weather conditions. Controlling yellow rust (Peeli Kungi) in wheat requires early field monitoring and immediate application of recommended systemic fungicides like Propiconazole 25% EC or other recommended fungicides upon seeing the first yellow powdery stripes. Spot-spraying infected patches early prevents the wind-borne fungal disease from turning into a major crop-damaging epidemic.

A. Disease symptoms:
• Mainly occurs on leaves rather than the leaf sheaths and stem. Bright yellow pustules (Uredia) appear on leaves at early stage of the crop, and pustules are arranged in linear rows as stripes.
• The stripes are yellow to orange-yellow. The teliospores are also arranged in long stripes and are dull black in colour.
• The pustules of stripe rust, which contain yellow to orange-yellow urediospores, usually form narrow stripes on the leaves. Pustules can also be found on leaf sheaths, necks, and glumes.

B. Survival and spread:
• The inoculum survives in the form of uredospores /teliospores in the northern hills during off season on self sown crop or volunteer hosts, which provide an excellent source of inoculums and primary spread occur through uredospores from hills.
• Favourable conditions: Disease is prominent when the temperature is 10-20 degree celsius and high humidity.

C. Integrated Disease Management Strategies:

Cultural control:
• Cultivate rust-resistant varieties, including PBW Biscuit 1, PBW Zinc 2, PBW RS1, PBW 725, Unnat PBW 550, PBW 752, WHD 943, PDW 291, PBW 660.
• Avoid planting unrecommended varieties.
• Refrain from sowing in October, especially in disease-prone sub-mountainous areas.
• Regularly monitor fields starting the second week of December:
• Focus on areas after irrigation or rainfall to detect early signs of infection.
• Implement mixed cropping and crop rotation for better disease management.
• Minimize excessive nitrogen to help reduce disease infestation.

Chemical control:
• As soon as disease symptoms appear, apply one of the following fungicides mixed with approximately 500 liters of water per hectare (or 200 liters per acre):
• Propiconazole 25% EC at 500 ml/ha (200 ml/acre)
• Captan 70% + Hexaconazole 5% WP at a rate of 750 g/ha (300 g/acre)
• Trifloxystrobin 25% + Tebuconazole 50% WG at 300 g/ha (120 g/acre)
• Azoxystrobin 18.2% + Cyproconazole 7.3% SC at 500 ml/ha (200 ml/acre)
• Pyraclostrobin 13.3% + Epoxiconazole 5% SE at 500 ml/ha (200 ml/acre)
• Azoxystrobin 11% + Tebuconazole 18.3% SC at 500 ml/ha (200 ml/acre. Start with spot application around the infected areas and continue to monitor the situation. Repeat applications may be necessary if needed.

Safety and Precautions:
• Personal Protective Equipment (PPE): Always wear gloves, masks, goggles, and protective clothing while handling and spraying chemicals.
• Pre-Harvest Interval (PHI): Observe the PHI strictly. This is the minimum number of days required between the last spray and the harvest to ensure chemical residues are safe for consumption.

Conclusion: Yellow rust can cause serious yield losses in wheat if left unmanaged, especially during cool and humid weather. Effective management relies on an integrated approach that includes growing resistant varieties, avoiding susceptible cultivars and early sowing in disease-prone areas, maintaining balanced nutrient management, regular field surveillance, and timely fungicide application at the first appearance of symptoms. Early detection and prompt action are the most effective strategies to minimize disease spread and protect wheat productivity.

Farmers should continue monitoring the crop after spraying and seek guidance from the nearest Krishi Vigyan Kendra (KVK) or the Department of Agriculture for location-specific recommendations.

👤 Answered by: Shivendra Pratap Singh

📚 Sources:
PACKAGE OF PRACTICES FOR CROPS OF PUNJAB RABI- Punjab Agriculture University, Ludhiana
AESA Based IPM on Wheat_NIPHM, Rajendranagar, Hyderabad

⚠️ Important Notice (Testing) ⚠️

This AjraSakha application is under development and intended only for testing and validation.
Advisories are experimental and currently cover major crops in selected states.

Weather data is sourced from IMD.
Market data from eNAM, Agmarknet, and State APMCs.
Soil health guidance from https://soilhealth.dac.gov.in/fertilizer-dosage.
Government schemes from https://www.myscheme.gov.in/.
Other agricultural information and advisories are expert-verified by Annam.ai.

Users should independently validate recommendations before acting."
"Which fungicides, doses, and water quantities are recommended when Yellow Rust symptoms first appear?","As soon as disease symptoms appear, apply one of the following fungicides mixed with approximately 500 liters of water per hectare (or 200 liters per acre):
 • Propiconazole 25% EC at 500 ml/ha (200 ml/acre)
 • Captan 70% + Hexaconazole 5% WP at a rate of 750 g/ha (300 g/acre)
 • Trifloxystrobin 25% + Tebuconazole 50% WG at 300 g/ha (120 g/acre)
 • Azoxystrobin 18.2% + Cyproconazole 7.3% SC at 500 ml/ha (200 ml/acre)
 • Pyraclostrobin 13.3% + Epoxiconazole 5% SE at 500 ml/ha (200 ml/acre)
 • Azoxystrobin 11% + Tebuconazole 18.3% SC at 500 ml/ha (200 ml/acre. Start with spot application around the infected areas and continue to monitor the situation. Repeat applications may be necessary if needed.","Peeli Kungi or Yellow rust (Stripe rust), caused by the fungus Puccinia striiformis f. sp. tritici, is one of the most destructive diseases of wheat in Rupnagar, Punjab, particularly under cool and humid weather conditions. Controlling yellow rust (Peeli Kungi) in wheat requires early field monitoring and immediate application of recommended systemic fungicides like Propiconazole 25% EC or other recommended fungicides upon seeing the first yellow powdery stripes. Spot-spraying infected patches early prevents the wind-borne fungal disease from turning into a major crop-damaging epidemic.

A. Disease symptoms:
• Mainly occurs on leaves rather than the leaf sheaths and stem. Bright yellow pustules (Uredia) appear on leaves at early stage of the crop, and pustules are arranged in linear rows as stripes.
• The stripes are yellow to orange-yellow. The teliospores are also arranged in long stripes and are dull black in colour.
• The pustules of stripe rust, which contain yellow to orange-yellow urediospores, usually form narrow stripes on the leaves. Pustules can also be found on leaf sheaths, necks, and glumes.

B. Survival and spread:
• The inoculum survives in the form of uredospores /teliospores in the northern hills during off season on self sown crop or volunteer hosts, which provide an excellent source of inoculums and primary spread occur through uredospores from hills.
• Favourable conditions: Disease is prominent when the temperature is 10-20 degree celsius and high humidity.

C. Integrated Disease Management Strategies:

Cultural control:
• Cultivate rust-resistant varieties, including PBW Biscuit 1, PBW Zinc 2, PBW RS1, PBW 725, Unnat PBW 550, PBW 752, WHD 943, PDW 291, PBW 660.
• Avoid planting unrecommended varieties.
• Refrain from sowing in October, especially in disease-prone sub-mountainous areas.
• Regularly monitor fields starting the second week of December:
• Focus on areas after irrigation or rainfall to detect early signs of infection.
• Implement mixed cropping and crop rotation for better disease management.
• Minimize excessive nitrogen to help reduce disease infestation.

Chemical control:
• As soon as disease symptoms appear, apply one of the following fungicides mixed with approximately 500 liters of water per hectare (or 200 liters per acre):
• Propiconazole 25% EC at 500 ml/ha (200 ml/acre)
• Captan 70% + Hexaconazole 5% WP at a rate of 750 g/ha (300 g/acre)
• Trifloxystrobin 25% + Tebuconazole 50% WG at 300 g/ha (120 g/acre)
• Azoxystrobin 18.2% + Cyproconazole 7.3% SC at 500 ml/ha (200 ml/acre)
• Pyraclostrobin 13.3% + Epoxiconazole 5% SE at 500 ml/ha (200 ml/acre)
• Azoxystrobin 11% + Tebuconazole 18.3% SC at 500 ml/ha (200 ml/acre. Start with spot application around the infected areas and continue to monitor the situation. Repeat applications may be necessary if needed.

Safety and Precautions:
• Personal Protective Equipment (PPE): Always wear gloves, masks, goggles, and protective clothing while handling and spraying chemicals.
• Pre-Harvest Interval (PHI): Observe the PHI strictly. This is the minimum number of days required between the last spray and the harvest to ensure chemical residues are safe for consumption.

Conclusion: Yellow rust can cause serious yield losses in wheat if left unmanaged, especially during cool and humid weather. Effective management relies on an integrated approach that includes growing resistant varieties, avoiding susceptible cultivars and early sowing in disease-prone areas, maintaining balanced nutrient management, regular field surveillance, and timely fungicide application at the first appearance of symptoms. Early detection and prompt action are the most effective strategies to minimize disease spread and protect wheat productivity.

Farmers should continue monitoring the crop after spraying and seek guidance from the nearest Krishi Vigyan Kendra (KVK) or the Department of Agriculture for location-specific recommendations.

👤 Answered by: Shivendra Pratap Singh

📚 Sources:
PACKAGE OF PRACTICES FOR CROPS OF PUNJAB RABI- Punjab Agriculture University, Ludhiana
AESA Based IPM on Wheat_NIPHM, Rajendranagar, Hyderabad

⚠️ Important Notice (Testing) ⚠️

This AjraSakha application is under development and intended only for testing and validation.
Advisories are experimental and currently cover major crops in selected states.

Weather data is sourced from IMD.
Market data from eNAM, Agmarknet, and State APMCs.
Soil health guidance from https://soilhealth.dac.gov.in/fertilizer-dosage.
Government schemes from https://www.myscheme.gov.in/.
Other agricultural information and advisories are expert-verified by Annam.ai.

Users should independently validate recommendations before acting."
What are the safety and precuations should I follow while spraying fungicides against Yellow Rust?,"Personal Protective Equipment (PPE): Always wear gloves, masks, goggles, and protective clothing while handling and spraying chemicals.
 • Pre-Harvest Interval (PHI): Observe the PHI strictly. This is the minimum number of days required between the last spray and the harvest to ensure chemical residues are safe for consumption.","Peeli Kungi or Yellow rust (Stripe rust), caused by the fungus Puccinia striiformis f. sp. tritici, is one of the most destructive diseases of wheat in Rupnagar, Punjab, particularly under cool and humid weather conditions. Controlling yellow rust (Peeli Kungi) in wheat requires early field monitoring and immediate application of recommended systemic fungicides like Propiconazole 25% EC or other recommended fungicides upon seeing the first yellow powdery stripes. Spot-spraying infected patches early prevents the wind-borne fungal disease from turning into a major crop-damaging epidemic.

A. Disease symptoms:
• Mainly occurs on leaves rather than the leaf sheaths and stem. Bright yellow pustules (Uredia) appear on leaves at early stage of the crop, and pustules are arranged in linear rows as stripes.
• The stripes are yellow to orange-yellow. The teliospores are also arranged in long stripes and are dull black in colour.
• The pustules of stripe rust, which contain yellow to orange-yellow urediospores, usually form narrow stripes on the leaves. Pustules can also be found on leaf sheaths, necks, and glumes.

B. Survival and spread:
• The inoculum survives in the form of uredospores /teliospores in the northern hills during off season on self sown crop or volunteer hosts, which provide an excellent source of inoculums and primary spread occur through uredospores from hills.
• Favourable conditions: Disease is prominent when the temperature is 10-20 degree celsius and high humidity.

C. Integrated Disease Management Strategies:

Cultural control:
• Cultivate rust-resistant varieties, including PBW Biscuit 1, PBW Zinc 2, PBW RS1, PBW 725, Unnat PBW 550, PBW 752, WHD 943, PDW 291, PBW 660.
• Avoid planting unrecommended varieties.
• Refrain from sowing in October, especially in disease-prone sub-mountainous areas.
• Regularly monitor fields starting the second week of December:
• Focus on areas after irrigation or rainfall to detect early signs of infection.
• Implement mixed cropping and crop rotation for better disease management.
• Minimize excessive nitrogen to help reduce disease infestation.

Chemical control:
• As soon as disease symptoms appear, apply one of the following fungicides mixed with approximately 500 liters of water per hectare (or 200 liters per acre):
• Propiconazole 25% EC at 500 ml/ha (200 ml/acre)
• Captan 70% + Hexaconazole 5% WP at a rate of 750 g/ha (300 g/acre)
• Trifloxystrobin 25% + Tebuconazole 50% WG at 300 g/ha (120 g/acre)
• Azoxystrobin 18.2% + Cyproconazole 7.3% SC at 500 ml/ha (200 ml/acre)
• Pyraclostrobin 13.3% + Epoxiconazole 5% SE at 500 ml/ha (200 ml/acre)
• Azoxystrobin 11% + Tebuconazole 18.3% SC at 500 ml/ha (200 ml/acre. Start with spot application around the infected areas and continue to monitor the situation. Repeat applications may be necessary if needed.

Safety and Precautions:
• Personal Protective Equipment (PPE): Always wear gloves, masks, goggles, and protective clothing while handling and spraying chemicals.
• Pre-Harvest Interval (PHI): Observe the PHI strictly. This is the minimum number of days required between the last spray and the harvest to ensure chemical residues are safe for consumption.

Conclusion: Yellow rust can cause serious yield losses in wheat if left unmanaged, especially during cool and humid weather. Effective management relies on an integrated approach that includes growing resistant varieties, avoiding susceptible cultivars and early sowing in disease-prone areas, maintaining balanced nutrient management, regular field surveillance, and timely fungicide application at the first appearance of symptoms. Early detection and prompt action are the most effective strategies to minimize disease spread and protect wheat productivity.

Farmers should continue monitoring the crop after spraying and seek guidance from the nearest Krishi Vigyan Kendra (KVK) or the Department of Agriculture for location-specific recommendations.

👤 Answered by: Shivendra Pratap Singh

📚 Sources:
PACKAGE OF PRACTICES FOR CROPS OF PUNJAB RABI- Punjab Agriculture University, Ludhiana
AESA Based IPM on Wheat_NIPHM, Rajendranagar, Hyderabad

⚠️ Important Notice (Testing) ⚠️

This AjraSakha application is under development and intended only for testing and validation.
Advisories are experimental and currently cover major crops in selected states.

Weather data is sourced from IMD.
Market data from eNAM, Agmarknet, and State APMCs.
Soil health guidance from https://soilhealth.dac.gov.in/fertilizer-dosage.
Government schemes from https://www.myscheme.gov.in/.
Other agricultural information and advisories are expert-verified by Annam.ai.

Users should independently validate recommendations before acting."
